Domain Code,Domain,Area Code (FAO),Area,Element Code,Element,Item Code,Item,Year Code,Year,Source Code,Source,Unit,Value,Flag,Flag Description,Note
"GT","Emissions Totals","100","India","7225","Emissions (CH4)","5059","Manure Management","1961","1961","3050","FAO TIER 1","kilotonnes","720.7089","Fc","Calculated data",""
"GT","Emissions Totals","100","India","7230","Emissions (N2O)","5059","Manure Management","1961","1961","3050","FAO TIER 1","kilotonnes","7.7237","Fc","Calculated data",""
"GT","Emissions Totals","100","India","7225","Emissions (CH4)","5059","Manure Management","1962","1962","3050","FAO TIER 1","kilotonnes","711.5384","Fc","Calculated data",""
"GT","Emissions Totals","100","India","7230","Emissions (N2O)","5059","Manure Management","1962","1962","3050","FAO TIER 1","kilotonnes","7.726","Fc","Calculated data",""
"GT","Emissions Totals","100","India","7225","Emissions (CH4)","5059","Manure Management","1963","1963","3050","FAO TIER 1","kilotonnes","708.1472","Fc","Calculated data",""
"GT","Emissions Totals","100","India","7230","Emissions (N2O)","5059","Manure Management","1963","1963","3050","FAO TIER 1","kilotonnes","7.7305","Fc","Calculated data",""
"GT","Emissions Totals","100","India","7225","Emissions (CH4)","5059","Manure Management","1964","1964","3050","FAO TIER 1","kilotonnes","712.5544","Fc","Calculated data",""
"GT","Emissions Totals","100","India","7230","Emissions (N2O)","5059","Manure Management","1964","1964","3050","FAO TIER 1","kilotonnes","7.8236","Fc","Calculated data",""
"GT","Emissions Totals","100","India","7225","Emissions (CH4)","5059","Manure Management","1965","1965","3050","FAO TIER 1","kilotonnes","711.7185","Fc","Calculated data",""
"GT","Emissions Totals","100","India","7230","Emissions (N2O)","5059","Manure Management","1965","1965","3050","FAO TIER 1","kilotonnes","7.8554","Fc","Calculated data",""
"GT","Emissions Totals","100","India","7225","Emissions (CH4)","5059","Manure Management","1966","1966","3050","FAO TIER 1","kilotonnes","731.4478","Fc","Calculated data",""
"GT","Emissions Totals","100","India","7230","Emissions (N2O)","5059","Manure Management","1966","1966","3050","FAO TIER 1","kilotonnes","7.8689","Fc","Calculated data",""
"GT","Emissions Totals","100","India","7225","Emissions (CH4)","5059","Manure Management","1967","1967","3050","FAO TIER 1","kilotonnes","730.6166","Fc","Calculated data",""
"GT","Emissions Totals","100","India","7230","Emissions (N2O)","5059","Manure Management","1967","1967","3050","FAO TIER 1","kilotonnes","7.9679","Fc","Calculated data",""
"GT","Emissions Totals","100","India","7225","Emissions (CH4)","5059","Manure Management","1968","1968","3050","FAO TIER 1","kilotonnes","740.6268","Fc","Calculated data",""
"GT","Emissions Totals","100","India","7230","Emissions (N2O)","5059","Manure Management","1968","1968","3050","FAO TIER 1","kilotonnes","8.029","Fc","Calculated data",""
"GT","Emissions Totals","100","India","7225","Emissions (CH4)","5059","Manure Management","1969","1969","3050","FAO TIER 1","kilotonnes","746.8921","Fc","Calculated data",""
"GT","Emissions Totals","100","India","7230","Emissions (N2O)","5059","Manure Management","1969","1969","3050","FAO TIER 1","kilotonnes","8.083","Fc","Calculated data",""
"GT","Emissions Totals","100","India","7225","Emissions (CH4)","5059","Manure Management","1970","1970","3050","FAO TIER 1","kilotonnes","748.2261","Fc","Calculated data",""
"GT","Emissions Totals","100","India","7230","Emissions (N2O)","5059","Manure Management","1970","1970","3050","FAO TIER 1","kilotonnes","8.1592","Fc","Calculated data",""
"GT","Emissions Totals","100","India","7225","Emissions (CH4)","5059","Manure Management","1971","1971","3050","FAO TIER 1","kilotonnes","760.1726","Fc","Calculated data",""
"GT","Emissions Totals","100","India","7230","Emissions (N2O)","5059","Manure Management","1971","1971","3050","FAO TIER 1","kilotonnes","8.2367","Fc","Calculated data",""
"GT","Emissions Totals","100","India","7225","Emissions (CH4)","5059","Manure Management","1972","1972","3050","FAO TIER 1","kilotonnes","771.6641","Fc","Calculated data",""
"GT","Emissions Totals","100","India","7230","Emissions (N2O)","5059","Manure Management","1972","1972","3050","FAO TIER 1","kilotonnes","8.2936","Fc","Calculated data",""
"GT","Emissions Totals","100","India","7225","Emissions (CH4)","5059","Manure Management","1973","1973","3050","FAO TIER 1","kilotonnes","770.5214","Fc","Calculated data",""
"GT","Emissions Totals","100","India","7230","Emissions (N2O)","5059","Manure Management","1973","1973","3050","FAO TIER 1","kilotonnes","8.3991","Fc","Calculated data",""
"GT","Emissions Totals","100","India","7225","Emissions (CH4)","5059","Manure Management","1974","1974","3050","FAO TIER 1","kilotonnes","780.3312","Fc","Calculated data",""
"GT","Emissions Totals","100","India","7230","Emissions (N2O)","5059","Manure Management","1974","1974","3050","FAO TIER 1","kilotonnes","8.4761","Fc","Calculated data",""
"GT","Emissions Totals","100","India","7225","Emissions (CH4)","5059","Manure Management","1975","1975","3050","FAO TIER 1","kilotonnes","786.6963","Fc","Calculated data",""
"GT","Emissions Totals","100","India","7230","Emissions (N2O)","5059","Manure Management","1975","1975","3050","FAO TIER 1","kilotonnes","8.5434","Fc","Calculated data",""
"GT","Emissions Totals","100","India","7225","Emissions (CH4)","5059","Manure Management","1976","1976","3050","FAO TIER 1","kilotonnes","797.9587","Fc","Calculated data",""
"GT","Emissions Totals","100","India","7230","Emissions (N2O)","5059","Manure Management","1976","1976","3050","FAO TIER 1","kilotonnes","8.6323","Fc","Calculated data",""
"GT","Emissions Totals","100","India","7225","Emissions (CH4)","5059","Manure Management","1977","1977","3050","FAO TIER 1","kilotonnes","807.7025","Fc","Calculated data",""
"GT","Emissions Totals","100","India","7230","Emissions (N2O)","5059","Manure Management","1977","1977","3050","FAO TIER 1","kilotonnes","8.7185","Fc","Calculated data",""
"GT","Emissions Totals","100","India","7225","Emissions (CH4)","5059","Manure Management","1978","1978","3050","FAO TIER 1","kilotonnes","822.1436","Fc","Calculated data",""
"GT","Emissions Totals","100","India","7230","Emissions (N2O)","5059","Manure Management","1978","1978","3050","FAO TIER 1","kilotonnes","8.9207","Fc","Calculated data",""
"GT","Emissions Totals","100","India","7225","Emissions (CH4)","5059","Manure Management","1979","1979","3050","FAO TIER 1","kilotonnes","842.2688","Fc","Calculated data",""
"GT","Emissions Totals","100","India","7230","Emissions (N2O)","5059","Manure Management","1979","1979","3050","FAO TIER 1","kilotonnes","9.1225","Fc","Calculated data",""
"GT","Emissions Totals","100","India","7225","Emissions (CH4)","5059","Manure Management","1980","1980","3050","FAO TIER 1","kilotonnes","857.1341","Fc","Calculated data",""
"GT","Emissions Totals","100","India","7230","Emissions (N2O)","5059","Manure Management","1980","1980","3050","FAO TIER 1","kilotonnes","9.3318","Fc","Calculated data",""
"GT","Emissions Totals","100","India","7225","Emissions (CH4)","5059","Manure Management","1981","1981","3050","FAO TIER 1","kilotonnes","873.5863","Fc","Calculated data",""
"GT","Emissions Totals","100","India","7230","Emissions (N2O)","5059","Manure Management","1981","1981","3050","FAO TIER 1","kilotonnes","9.5542","Fc","Calculated data",""
"GT","Emissions Totals","100","India","7225","Emissions (CH4)","5059","Manure Management","1982","1982","3050","FAO TIER 1","kilotonnes","896.1716","Fc","Calculated data",""
"GT","Emissions Totals","100","India","7230","Emissions (N2O)","5059","Manure Management","1982","1982","3050","FAO TIER 1","kilotonnes","9.8202","Fc","Calculated data",""
"GT","Emissions Totals","100","India","7225","Emissions (CH4)","5059","Manure Management","1983","1983","3050","FAO TIER 1","kilotonnes","913.2139","Fc","Calculated data",""
"GT","Emissions Totals","100","India","7230","Emissions (N2O)","5059","Manure Management","1983","1983","3050","FAO TIER 1","kilotonnes","10.0186","Fc","Calculated data",""
"GT","Emissions Totals","100","India","7225","Emissions (CH4)","5059","Manure Management","1984","1984","3050","FAO TIER 1","kilotonnes","928.8667","Fc","Calculated data",""
"GT","Emissions Totals","100","India","7230","Emissions (N2O)","5059","Manure Management","1984","1984","3050","FAO TIER 1","kilotonnes","10.1644","Fc","Calculated data",""
"GT","Emissions Totals","100","India","7225","Emissions (CH4)","5059","Manure Management","1985","1985","3050","FAO TIER 1","kilotonnes","941.2404","Fc","Calculated data",""
"GT","Emissions Totals","100","India","7230","Emissions (N2O)","5059","Manure Management","1985","1985","3050","FAO TIER 1","kilotonnes","10.3067","Fc","Calculated data",""
"GT","Emissions Totals","100","India","7225","Emissions (CH4)","5059","Manure Management","1986","1986","3050","FAO TIER 1","kilotonnes","956.8904","Fc","Calculated data",""
"GT","Emissions Totals","100","India","7230","Emissions (N2O)","5059","Manure Management","1986","1986","3050","FAO TIER 1","kilotonnes","10.4732","Fc","Calculated data",""
"GT","Emissions Totals","100","India","7225","Emissions (CH4)","5059","Manure Management","1987","1987","3050","FAO TIER 1","kilotonnes","960.3304","Fc","Calculated data",""
"GT","Emissions Totals","100","India","7230","Emissions (N2O)","5059","Manure Management","1987","1987","3050","FAO TIER 1","kilotonnes","10.4781","Fc","Calculated data",""
"GT","Emissions Totals","100","India","7225","Emissions (CH4)","5059","Manure Management","1988","1988","3050","FAO TIER 1","kilotonnes","972.8679","Fc","Calculated data",""
"GT","Emissions Totals","100","India","7230","Emissions (N2O)","5059","Manure Management","1988","1988","3050","FAO TIER 1","kilotonnes","10.6312","Fc","Calculated data",""
"GT","Emissions Totals","100","India","7225","Emissions (CH4)","5059","Manure Management","1989","1989","3050","FAO TIER 1","kilotonnes","985.5246","Fc","Calculated data",""
"GT","Emissions Totals","100","India","7230","Emissions (N2O)","5059","Manure Management","1989","1989","3050","FAO TIER 1","kilotonnes","10.7869","Fc","Calculated data",""
"GT","Emissions Totals","100","India","7225","Emissions (CH4)","5059","Manure Management","1990","1990","3050","FAO TIER 1","kilotonnes","998.8122","Fc","Calculated data",""
"GT","Emissions Totals","100","India","7230","Emissions (N2O)","5059","Manure Management","1990","1990","3050","FAO TIER 1","kilotonnes","10.9567","Fc","Calculated data",""
"GT","Emissions Totals","100","India","7225","Emissions (CH4)","5059","Manure Management","1991","1991","3050","FAO TIER 1","kilotonnes","1012.1877","Fc","Calculated data",""
"GT","Emissions Totals","100","India","7230","Emissions (N2O)","5059","Manure Management","1991","1991","3050","FAO TIER 1","kilotonnes","11.1144","Fc","Calculated data",""
"GT","Emissions Totals","100","India","7225","Emissions (CH4)","5059","Manure Management","1992","1992","3050","FAO TIER 1","kilotonnes","1030.2811","Fc","Calculated data",""
"GT","Emissions Totals","100","India","7230","Emissions (N2O)","5059","Manure Management","1992","1992","3050","FAO TIER 1","kilotonnes","11.3005","Fc","Calculated data",""
"GT","Emissions Totals","100","India","7225","Emissions (CH4)","5059","Manure Management","1993","1993","3050","FAO TIER 1","kilotonnes","1035.513","Fc","Calculated data",""
"GT","Emissions Totals","100","India","7230","Emissions (N2O)","5059","Manure Management","1993","1993","3050","FAO TIER 1","kilotonnes","11.3929","Fc","Calculated data",""
"GT","Emissions Totals","100","India","7225","Emissions (CH4)","5059","Manure Management","1994","1994","3050","FAO TIER 1","kilotonnes","1042.3262","Fc","Calculated data",""
"GT","Emissions Totals","100","India","7230","Emissions (N2O)","5059","Manure Management","1994","1994","3050","FAO TIER 1","kilotonnes","11.4874","Fc","Calculated data",""
"GT","Emissions Totals","100","India","7225","Emissions (CH4)","5059","Manure Management","1995","1995","3050","FAO TIER 1","kilotonnes","1048.5784","Fc","Calculated data",""
"GT","Emissions Totals","100","India","7230","Emissions (N2O)","5059","Manure Management","1995","1995","3050","FAO TIER 1","kilotonnes","11.5792","Fc","Calculated data",""
"GT","Emissions Totals","100","India","7225","Emissions (CH4)","5059","Manure Management","1996","1996","3050","FAO TIER 1","kilotonnes","1055.0822","Fc","Calculated data",""
"GT","Emissions Totals","100","India","7230","Emissions (N2O)","5059","Manure Management","1996","1996","3050","FAO TIER 1","kilotonnes","11.6742","Fc","Calculated data",""
"GT","Emissions Totals","100","India","7225","Emissions (CH4)","5059","Manure Management","1997","1997","3050","FAO TIER 1","kilotonnes","1058.1363","Fc","Calculated data",""
"GT","Emissions Totals","100","India","7230","Emissions (N2O)","5059","Manure Management","1997","1997","3050","FAO TIER 1","kilotonnes","11.7391","Fc","Calculated data",""
"GT","Emissions Totals","100","India","7225","Emissions (CH4)","5059","Manure Management","1998","1998","3050","FAO TIER 1","kilotonnes","1060.7572","Fc","Calculated data",""
"GT","Emissions Totals","100","India","7230","Emissions (N2O)","5059","Manure Management","1998","1998","3050","FAO TIER 1","kilotonnes","11.7995","Fc","Calculated data",""
"GT","Emissions Totals","100","India","7225","Emissions (CH4)","5059","Manure Management","1999","1999","3050","FAO TIER 1","kilotonnes","1063.2334","Fc","Calculated data",""
"GT","Emissions Totals","100","India","7230","Emissions (N2O)","5059","Manure Management","1999","1999","3050","FAO TIER 1","kilotonnes","11.8637","Fc","Calculated data",""
"GT","Emissions Totals","100","India","7225","Emissions (CH4)","5059","Manure Management","2000","2000","3050","FAO TIER 1","kilotonnes","1064.2359","Fc","Calculated data",""
"GT","Emissions Totals","100","India","7230","Emissions (N2O)","5059","Manure Management","2000","2000","3050","FAO TIER 1","kilotonnes","11.9509","Fc","Calculated data",""
"GT","Emissions Totals","100","India","7225","Emissions (CH4)","5059","Manure Management","2001","2001","3050","FAO TIER 1","kilotonnes","1070.7222","Fc","Calculated data",""
"GT","Emissions Totals","100","India","7230","Emissions (N2O)","5059","Manure Management","2001","2001","3050","FAO TIER 1","kilotonnes","12.0211","Fc","Calculated data",""
"GT","Emissions Totals","100","India","7225","Emissions (CH4)","5059","Manure Management","2002","2002","3050","FAO TIER 1","kilotonnes","1075.3063","Fc","Calculated data",""
"GT","Emissions Totals","100","India","7230","Emissions (N2O)","5059","Manure Management","2002","2002","3050","FAO TIER 1","kilotonnes","12.0935","Fc","Calculated data",""
"GT","Emissions Totals","100","India","7225","Emissions (CH4)","5059","Manure Management","2003","2003","3050","FAO TIER 1","kilotonnes","1082.2476","Fc","Calculated data",""
"GT","Emissions Totals","100","India","7230","Emissions (N2O)","5059","Manure Management","2003","2003","3050","FAO TIER 1","kilotonnes","12.1913","Fc","Calculated data",""
"GT","Emissions Totals","100","India","7225","Emissions (CH4)","5059","Manure Management","2004","2004","3050","FAO TIER 1","kilotonnes","1096.9671","Fc","Calculated data",""
"GT","Emissions Totals","100","India","7230","Emissions (N2O)","5059","Manure Management","2004","2004","3050","FAO TIER 1","kilotonnes","12.4297","Fc","Calculated data",""
"GT","Emissions Totals","100","India","7225","Emissions (CH4)","5059","Manure Management","2005","2005","3050","FAO TIER 1","kilotonnes","1113.2429","Fc","Calculated data",""
"GT","Emissions Totals","100","India","7230","Emissions (N2O)","5059","Manure Management","2005","2005","3050","FAO TIER 1","kilotonnes","12.6713","Fc","Calculated data",""
"GT","Emissions Totals","100","India","7225","Emissions (CH4)","5059","Manure Management","2006","2006","3050","FAO TIER 1","kilotonnes","1128.0618","Fc","Calculated data",""
"GT","Emissions Totals","100","India","7230","Emissions (N2O)","5059","Manure Management","2006","2006","3050","FAO TIER 1","kilotonnes","12.9366","Fc","Calculated data",""
"GT","Emissions Totals","100","India","7225","Emissions (CH4)","5059","Manure Management","2007","2007","3050","FAO TIER 1","kilotonnes","1153.5127","Fc","Calculated data",""
"GT","Emissions Totals","100","India","7230","Emissions (N2O)","5059","Manure Management","2007","2007","3050","FAO TIER 1","kilotonnes","13.2027","Fc","Calculated data",""
"GT","Emissions Totals","100","India","7225","Emissions (CH4)","5059","Manure Management","2008","2008","3050","FAO TIER 1","kilotonnes","1154.9739","Fc","Calculated data",""
"GT","Emissions Totals","100","India","7230","Emissions (N2O)","5059","Manure Management","2008","2008","3050","FAO TIER 1","kilotonnes","13.1883","Fc","Calculated data",""
"GT","Emissions Totals","100","India","7225","Emissions (CH4)","5059","Manure Management","2009","2009","3050","FAO TIER 1","kilotonnes","1156.9254","Fc","Calculated data",""
"GT","Emissions Totals","100","India","7230","Emissions (N2O)","5059","Manure Management","2009","2009","3050","FAO TIER 1","kilotonnes","13.1823","Fc","Calculated data",""
"GT","Emissions Totals","100","India","7225","Emissions (CH4)","5059","Manure Management","2010","2010","3050","FAO TIER 1","kilotonnes","1159.9868","Fc","Calculated data",""
"GT","Emissions Totals","100","India","7230","Emissions (N2O)","5059","Manure Management","2010","2010","3050","FAO TIER 1","kilotonnes","13.1808","Fc","Calculated data",""
"GT","Emissions Totals","100","India","7225","Emissions (CH4)","5059","Manure Management","2011","2011","3050","FAO TIER 1","kilotonnes","1162.1108","Fc","Calculated data",""
"GT","Emissions Totals","100","India","7230","Emissions (N2O)","5059","Manure Management","2011","2011","3050","FAO TIER 1","kilotonnes","13.165","Fc","Calculated data",""
"GT","Emissions Totals","100","India","7225","Emissions (CH4)","5059","Manure Management","2012","2012","3050","FAO TIER 1","kilotonnes","1163.1536","Fc","Calculated data",""
"GT","Emissions Totals","100","India","7230","Emissions (N2O)","5059","Manure Management","2012","2012","3050","FAO TIER 1","kilotonnes","13.1451","Fc","Calculated data",""
"GT","Emissions Totals","100","India","7225","Emissions (CH4)","5059","Manure Management","2013","2013","3050","FAO TIER 1","kilotonnes","1162.676","Fc","Calculated data",""
"GT","Emissions Totals","100","India","7230","Emissions (N2O)","5059","Manure Management","2013","2013","3050","FAO TIER 1","kilotonnes","13.1252","Fc","Calculated data",""
"GT","Emissions Totals","100","India","7225","Emissions (CH4)","5059","Manure Management","2014","2014","3050","FAO TIER 1","kilotonnes","1164.4663","Fc","Calculated data",""
"GT","Emissions Totals","100","India","7230","Emissions (N2O)","5059","Manure Management","2014","2014","3050","FAO TIER 1","kilotonnes","13.1031","Fc","Calculated data",""
"GT","Emissions Totals","100","India","7225","Emissions (CH4)","5059","Manure Management","2015","2015","3050","FAO TIER 1","kilotonnes","1173.0123","Fc","Calculated data",""
"GT","Emissions Totals","100","India","7230","Emissions (N2O)","5059","Manure Management","2015","2015","3050","FAO TIER 1","kilotonnes","13.2929","Fc","Calculated data",""
"GT","Emissions Totals","100","India","7225","Emissions (CH4)","5059","Manure Management","2016","2016","3050","FAO TIER 1","kilotonnes","1180.3312","Fc","Calculated data",""
"GT","Emissions Totals","100","India","7230","Emissions (N2O)","5059","Manure Management","2016","2016","3050","FAO TIER 1","kilotonnes","13.3632","Fc","Calculated data",""
"GT","Emissions Totals","100","India","7225","Emissions (CH4)","5059","Manure Management","2017","2017","3050","FAO TIER 1","kilotonnes","1187.8396","Fc","Calculated data",""
"GT","Emissions Totals","100","India","7230","Emissions (N2O)","5059","Manure Management","2017","2017","3050","FAO TIER 1","kilotonnes","13.4451","Fc","Calculated data",""
"GT","Emissions Totals","100","India","7225","Emissions (CH4)","5059","Manure Management","2018","2018","3050","FAO TIER 1","kilotonnes","1195.7458","Fc","Calculated data",""
"GT","Emissions Totals","100","India","7230","Emissions (N2O)","5059","Manure Management","2018","2018","3050","FAO TIER 1","kilotonnes","13.549","Fc","Calculated data",""
"GT","Emissions Totals","100","India","7225","Emissions (CH4)","5059","Manure Management","2019","2019","3050","FAO TIER 1","kilotonnes","1198.472","Fc","Calculated data",""
"GT","Emissions Totals","100","India","7230","Emissions (N2O)","5059","Manure Management","2019","2019","3050","FAO TIER 1","kilotonnes","13.5682","Fc","Calculated data",""
"GT","Emissions Totals","100","India","7225","Emissions (CH4)","5060","Rice Cultivation","1961","1961","3050","FAO TIER 1","kilotonnes","3662.2986","Fc","Calculated data",""
"GT","Emissions Totals","100","India","7225","Emissions (CH4)","5060","Rice Cultivation","1962","1962","3050","FAO TIER 1","kilotonnes","3767.965","Fc","Calculated data",""
"GT","Emissions Totals","100","India","7225","Emissions (CH4)","5060","Rice Cultivation","1963","1963","3050","FAO TIER 1","kilotonnes","3779.9989","Fc","Calculated data",""
"GT","Emissions Totals","100","India","7225","Emissions (CH4)","5060","Rice Cultivation","1964","1964","3050","FAO TIER 1","kilotonnes","3848.9287","Fc","Calculated data",""
"GT","Emissions Totals","100","India","7225","Emissions (CH4)","5060","Rice Cultivation","1965","1965","3050","FAO TIER 1","kilotonnes","3744.2132","Fc","Calculated data",""
"GT","Emissions Totals","100","India","7225","Emissions (CH4)","5060","Rice Cultivation","1966","1966","3050","FAO TIER 1","kilotonnes","3721.0964","Fc","Calculated data",""
"GT","Emissions Totals","100","India","7225","Emissions (CH4)","5060","Rice Cultivation","1967","1967","3050","FAO TIER 1","kilotonnes","3846.3328","Fc","Calculated data",""
"GT","Emissions Totals","100","India","7225","Emissions (CH4)","5060","Rice Cultivation","1968","1968","3050","FAO TIER 1","kilotonnes","3902.1631","Fc","Calculated data",""
"GT","Emissions Totals","100","India","7225","Emissions (CH4)","5060","Rice Cultivation","1969","1969","3050","FAO TIER 1","kilotonnes","3977.5329","Fc","Calculated data",""
"GT","Emissions Totals","100","India","7225","Emissions (CH4)","5060","Rice Cultivation","1970","1970","3050","FAO TIER 1","kilotonnes","3968.1794","Fc","Calculated data",""
"GT","Emissions Totals","100","India","7225","Emissions (CH4)","5060","Rice Cultivation","1971","1971","3050","FAO TIER 1","kilotonnes","3985.7142","Fc","Calculated data",""
"GT","Emissions Totals","100","India","7225","Emissions (CH4)","5060","Rice Cultivation","1972","1972","3050","FAO TIER 1","kilotonnes","3872.765","Fc","Calculated data",""
"GT","Emissions Totals","100","India","7225","Emissions (CH4)","5060","Rice Cultivation","1973","1973","3050","FAO TIER 1","kilotonnes","4041.3654","Fc","Calculated data",""
"GT","Emissions Totals","100","India","7225","Emissions (CH4)","5060","Rice Cultivation","1974","1974","3050","FAO TIER 1","kilotonnes","3999.4995","Fc","Calculated data",""
"GT","Emissions Totals","100","India","7225","Emissions (CH4)","5060","Rice Cultivation","1975","1975","3050","FAO TIER 1","kilotonnes","4167.0241","Fc","Calculated data",""
"GT","Emissions Totals","100","India","7225","Emissions (CH4)","5060","Rice Cultivation","1976","1976","3050","FAO TIER 1","kilotonnes","4065.2321","Fc","Calculated data",""
"GT","Emissions Totals","100","India","7225","Emissions (CH4)","5060","Rice Cultivation","1977","1977","3050","FAO TIER 1","kilotonnes","4252.2321","Fc","Calculated data",""
"GT","Emissions Totals","100","India","7225","Emissions (CH4)","5060","Rice Cultivation","1978","1978","3050","FAO TIER 1","kilotonnes","4273.3019","Fc","Calculated data",""
"GT","Emissions Totals","100","India","7225","Emissions (CH4)","5060","Rice Cultivation","1979","1979","3050","FAO TIER 1","kilotonnes","4160.5739","Fc","Calculated data",""
"GT","Emissions Totals","100","India","7225","Emissions (CH4)","5060","Rice Cultivation","1980","1980","3050","FAO TIER 1","kilotonnes","4238.3928","Fc","Calculated data",""
"GT","Emissions Totals","100","India","7225","Emissions (CH4)","5060","Rice Cultivation","1981","1981","3050","FAO TIER 1","kilotonnes","4297.1787","Fc","Calculated data",""
"GT","Emissions Totals","100","India","7225","Emissions (CH4)","5060","Rice Cultivation","1982","1982","3050","FAO TIER 1","kilotonnes","4038.9367","Fc","Calculated data",""
"GT","Emissions Totals","100","India","7225","Emissions (CH4)","5060","Rice Cultivation","1983","1983","3050","FAO TIER 1","kilotonnes","4353.7166","Fc","Calculated data",""
"GT","Emissions Totals","100","India","7225","Emissions (CH4)","5060","Rice Cultivation","1984","1984","3050","FAO TIER 1","kilotonnes","4344.7229","Fc","Calculated data",""
"GT","Emissions Totals","100","India","7225","Emissions (CH4)","5060","Rice Cultivation","1985","1985","3050","FAO TIER 1","kilotonnes","4342.4428","Fc","Calculated data",""
"GT","Emissions Totals","100","India","7225","Emissions (CH4)","5060","Rice Cultivation","1986","1986","3050","FAO TIER 1","kilotonnes","4345.5573","Fc","Calculated data",""
"GT","Emissions Totals","100","India","7225","Emissions (CH4)","5060","Rice Cultivation","1987","1987","3050","FAO TIER 1","kilotonnes","4096.3935","Fc","Calculated data",""
"GT","Emissions Totals","100","India","7225","Emissions (CH4)","5060","Rice Cultivation","1988","1988","3050","FAO TIER 1","kilotonnes","4405.6319","Fc","Calculated data",""
"GT","Emissions Totals","100","India","7225","Emissions (CH4)","5060","Rice Cultivation","1989","1989","3050","FAO TIER 1","kilotonnes","4451.1375","Fc","Calculated data",""
"GT","Emissions Totals","100","India","7225","Emissions (CH4)","5060","Rice Cultivation","1990","1990","3050","FAO TIER 1","kilotonnes","4505.9983","Fc","Calculated data",""
"GT","Emissions Totals","100","India","7225","Emissions (CH4)","5060","Rice Cultivation","1991","1991","3050","FAO TIER 1","kilotonnes","4501.9972","Fc","Calculated data",""
"GT","Emissions Totals","100","India","7225","Emissions (CH4)","5060","Rice Cultivation","1992","1992","3050","FAO TIER 1","kilotonnes","4409.769","Fc","Calculated data",""
"GT","Emissions Totals","100","India","7225","Emissions (CH4)","5060","Rice Cultivation","1993","1993","3050","FAO TIER 1","kilotonnes","4490.4168","Fc","Calculated data",""
"GT","Emissions Totals","100","India","7225","Emissions (CH4)","5060","Rice Cultivation","1994","1994","3050","FAO TIER 1","kilotonnes","4519.4458","Fc","Calculated data",""
"GT","Emissions Totals","100","India","7225","Emissions (CH4)","5060","Rice Cultivation","1995","1995","3050","FAO TIER 1","kilotonnes","4517.968","Fc","Calculated data",""
"GT","Emissions Totals","100","India","7225","Emissions (CH4)","5060","Rice Cultivation","1996","1996","3050","FAO TIER 1","kilotonnes","4581.304","Fc","Calculated data",""
"GT","Emissions Totals","100","India","7225","Emissions (CH4)","5060","Rice Cultivation","1997","1997","3050","FAO TIER 1","kilotonnes","4588.6721","Fc","Calculated data",""
"GT","Emissions Totals","100","India","7225","Emissions (CH4)","5060","Rice Cultivation","1998","1998","3050","FAO TIER 1","kilotonnes","4729.3308","Fc","Calculated data",""
"GT","Emissions Totals","100","India","7225","Emissions (CH4)","5060","Rice Cultivation","1999","1999","3050","FAO TIER 1","kilotonnes","4767.0896","Fc","Calculated data",""
"GT","Emissions Totals","100","India","7225","Emissions (CH4)","5060","Rice Cultivation","2000","2000","3050","FAO TIER 1","kilotonnes","4719.7987","Fc","Calculated data",""
"GT","Emissions Totals","100","India","7225","Emissions (CH4)","5060","Rice Cultivation","2001","2001","3050","FAO TIER 1","kilotonnes","4739.644","Fc","Calculated data",""
"GT","Emissions Totals","100","India","7225","Emissions (CH4)","5060","Rice Cultivation","2002","2002","3050","FAO TIER 1","kilotonnes","4346.5491","Fc","Calculated data",""
"GT","Emissions Totals","100","India","7225","Emissions (CH4)","5060","Rice Cultivation","2003","2003","3050","FAO TIER 1","kilotonnes","4496.0643","Fc","Calculated data",""
"GT","Emissions Totals","100","India","7225","Emissions (CH4)","5060","Rice Cultivation","2004","2004","3050","FAO TIER 1","kilotonnes","4423.6713","Fc","Calculated data",""
"GT","Emissions Totals","100","India","7225","Emissions (CH4)","5060","Rice Cultivation","2005","2005","3050","FAO TIER 1","kilotonnes","4608.7285","Fc","Calculated data",""
"GT","Emissions Totals","100","India","7225","Emissions (CH4)","5060","Rice Cultivation","2006","2006","3050","FAO TIER 1","kilotonnes","4624.5836","Fc","Calculated data",""
"GT","Emissions Totals","100","India","7225","Emissions (CH4)","5060","Rice Cultivation","2007","2007","3050","FAO TIER 1","kilotonnes","4635.1396","Fc","Calculated data",""
"GT","Emissions Totals","100","India","7225","Emissions (CH4)","5060","Rice Cultivation","2008","2008","3050","FAO TIER 1","kilotonnes","4806.9279","Fc","Calculated data",""
"GT","Emissions Totals","100","India","7225","Emissions (CH4)","5060","Rice Cultivation","2009","2009","3050","FAO TIER 1","kilotonnes","4424.8957","Fc","Calculated data",""
"GT","Emissions Totals","100","India","7225","Emissions (CH4)","5060","Rice Cultivation","2010","2010","3050","FAO TIER 1","kilotonnes","4524.5549","Fc","Calculated data",""
"GT","Emissions Totals","100","India","7225","Emissions (CH4)","5060","Rice Cultivation","2011","2011","3050","FAO TIER 1","kilotonnes","4645.6956","Fc","Calculated data",""
"GT","Emissions Totals","100","India","7225","Emissions (CH4)","5060","Rice Cultivation","2012","2012","3050","FAO TIER 1","kilotonnes","4513.1122","Fc","Calculated data",""
"GT","Emissions Totals","100","India","7225","Emissions (CH4)","5060","Rice Cultivation","2013","2013","3050","FAO TIER 1","kilotonnes","4658.9909","Fc","Calculated data",""
"GT","Emissions Totals","100","India","7225","Emissions (CH4)","5060","Rice Cultivation","2014","2014","3050","FAO TIER 1","kilotonnes","4656.2516","Fc","Calculated data",""
"GT","Emissions Totals","100","India","7225","Emissions (CH4)","5060","Rice Cultivation","2015","2015","3050","FAO TIER 1","kilotonnes","4580.2484","Fc","Calculated data",""
"GT","Emissions Totals","100","India","7225","Emissions (CH4)","5060","Rice Cultivation","2016","2016","3050","FAO TIER 1","kilotonnes","4559.1364","Fc","Calculated data",""
"GT","Emissions Totals","100","India","7225","Emissions (CH4)","5060","Rice Cultivation","2017","2017","3050","FAO TIER 1","kilotonnes","4620.7908","Fc","Calculated data",""
"GT","Emissions Totals","100","India","7225","Emissions (CH4)","5060","Rice Cultivation","2018","2018","3050","FAO TIER 1","kilotonnes","4661.1549","Fc","Calculated data",""
"GT","Emissions Totals","100","India","7225","Emissions (CH4)","5060","Rice Cultivation","2019","2019","3050","FAO TIER 1","kilotonnes","4621.4168","Fc","Calculated data",""
"GT","Emissions Totals","100","India","7234","Direct emissions (N2O)","5064","Crop Residues","1961","1961","3050","FAO TIER 1","kilotonnes","27.812","Fc","Calculated data",""
"GT","Emissions Totals","100","India","7236","Indirect emissions (N2O)","5064","Crop Residues","1961","1961","3050","FAO TIER 1","kilotonnes","6.2577","Fc","Calculated data",""
"GT","Emissions Totals","100","India","7230","Emissions (N2O)","5064","Crop Residues","1961","1961","3050","FAO TIER 1","kilotonnes","34.0697","Fc","Calculated data",""
"GT","Emissions Totals","100","India","7234","Direct emissions (N2O)","5064","Crop Residues","1962","1962","3050","FAO TIER 1","kilotonnes","28.267","Fc","Calculated data",""
"GT","Emissions Totals","100","India","7236","Indirect emissions (N2O)","5064","Crop Residues","1962","1962","3050","FAO TIER 1","kilotonnes","6.3601","Fc","Calculated data",""
"GT","Emissions Totals","100","India","7230","Emissions (N2O)","5064","Crop Residues","1962","1962","3050","FAO TIER 1","kilotonnes","34.6271","Fc","Calculated data",""
"GT","Emissions Totals","100","India","7234","Direct emissions (N2O)","5064","Crop Residues","1963","1963","3050","FAO TIER 1","kilotonnes","28.6119","Fc","Calculated data",""
"GT","Emissions Totals","100","India","7236","Indirect emissions (N2O)","5064","Crop Residues","1963","1963","3050","FAO TIER 1","kilotonnes","6.4377","Fc","Calculated data",""
"GT","Emissions Totals","100","India","7230","Emissions (N2O)","5064","Crop Residues","1963","1963","3050","FAO TIER 1","kilotonnes","35.0496","Fc","Calculated data",""
"GT","Emissions Totals","100","India","7234","Direct emissions (N2O)","5064","Crop Residues","1964","1964","3050","FAO TIER 1","kilotonnes","29.1403","Fc","Calculated data",""
"GT","Emissions Totals","100","India","7236","Indirect emissions (N2O)","5064","Crop Residues","1964","1964","3050","FAO TIER 1","kilotonnes","6.5566","Fc","Calculated data",""
"GT","Emissions Totals","100","India","7230","Emissions (N2O)","5064","Crop Residues","1964","1964","3050","FAO TIER 1","kilotonnes","35.6968","Fc","Calculated data",""
"GT","Emissions Totals","100","India","7234","Direct emissions (N2O)","5064","Crop Residues","1965","1965","3050","FAO TIER 1","kilotonnes","27.1467","Fc","Calculated data",""
"GT","Emissions Totals","100","India","7236","Indirect emissions (N2O)","5064","Crop Residues","1965","1965","3050","FAO TIER 1","kilotonnes","6.108","Fc","Calculated data",""
"GT","Emissions Totals","100","India","7230","Emissions (N2O)","5064","Crop Residues","1965","1965","3050","FAO TIER 1","kilotonnes","33.2548","Fc","Calculated data",""
"GT","Emissions Totals","100","India","7234","Direct emissions (N2O)","5064","Crop Residues","1966","1966","3050","FAO TIER 1","kilotonnes","27.1051","Fc","Calculated data",""
"GT","Emissions Totals","100","India","7236","Indirect emissions (N2O)","5064","Crop Residues","1966","1966","3050","FAO TIER 1","kilotonnes","6.0986","Fc","Calculated data",""
"GT","Emissions Totals","100","India","7230","Emissions (N2O)","5064","Crop Residues","1966","1966","3050","FAO TIER 1","kilotonnes","33.2037","Fc","Calculated data",""
"GT","Emissions Totals","100","India","7234","Direct emissions (N2O)","5064","Crop Residues","1967","1967","3050","FAO TIER 1","kilotonnes","29.6307","Fc","Calculated data",""
"GT","Emissions Totals","100","India","7236","Indirect emissions (N2O)","5064","Crop Residues","1967","1967","3050","FAO TIER 1","kilotonnes","6.6669","Fc","Calculated data",""
"GT","Emissions Totals","100","India","7230","Emissions (N2O)","5064","Crop Residues","1967","1967","3050","FAO TIER 1","kilotonnes","36.2976","Fc","Calculated data",""
"GT","Emissions Totals","100","India","7234","Direct emissions (N2O)","5064","Crop Residues","1968","1968","3050","FAO TIER 1","kilotonnes","31.1467","Fc","Calculated data",""
"GT","Emissions Totals","100","India","7236","Indirect emissions (N2O)","5064","Crop Residues","1968","1968","3050","FAO TIER 1","kilotonnes","7.008","Fc","Calculated data",""
"GT","Emissions Totals","100","India","7230","Emissions (N2O)","5064","Crop Residues","1968","1968","3050","FAO TIER 1","kilotonnes","38.1547","Fc","Calculated data",""
"GT","Emissions Totals","100","India","7234","Direct emissions (N2O)","5064","Crop Residues","1969","1969","3050","FAO TIER 1","kilotonnes","32.0567","Fc","Calculated data",""
"GT","Emissions Totals","100","India","7236","Indirect emissions (N2O)","5064","Crop Residues","1969","1969","3050","FAO TIER 1","kilotonnes","7.2128","Fc","Calculated data",""
"GT","Emissions Totals","100","India","7230","Emissions (N2O)","5064","Crop Residues","1969","1969","3050","FAO TIER 1","kilotonnes","39.2694","Fc","Calculated data",""
"GT","Emissions Totals","100","India","7234","Direct emissions (N2O)","5064","Crop Residues","1970","1970","3050","FAO TIER 1","kilotonnes","33.1146","Fc","Calculated data",""
"GT","Emissions Totals","100","India","7236","Indirect emissions (N2O)","5064","Crop Residues","1970","1970","3050","FAO TIER 1","kilotonnes","7.4508","Fc","Calculated data",""
"GT","Emissions Totals","100","India","7230","Emissions (N2O)","5064","Crop Residues","1970","1970","3050","FAO TIER 1","kilotonnes","40.5654","Fc","Calculated data",""
"GT","Emissions Totals","100","India","7234","Direct emissions (N2O)","5064","Crop Residues","1971","1971","3050","FAO TIER 1","kilotonnes","33.0794","Fc","Calculated data",""
"GT","Emissions Totals","100","India","7236","Indirect emissions (N2O)","5064","Crop Residues","1971","1971","3050","FAO TIER 1","kilotonnes","7.4429","Fc","Calculated data",""
"GT","Emissions Totals","100","India","7230","Emissions (N2O)","5064","Crop Residues","1971","1971","3050","FAO TIER 1","kilotonnes","40.5223","Fc","Calculated data",""
"GT","Emissions Totals","100","India","7234","Direct emissions (N2O)","5064","Crop Residues","1972","1972","3050","FAO TIER 1","kilotonnes","32.0897","Fc","Calculated data",""
"GT","Emissions Totals","100","India","7236","Indirect emissions (N2O)","5064","Crop Residues","1972","1972","3050","FAO TIER 1","kilotonnes","7.2202","Fc","Calculated data",""
"GT","Emissions Totals","100","India","7230","Emissions (N2O)","5064","Crop Residues","1972","1972","3050","FAO TIER 1","kilotonnes","39.3099","Fc","Calculated data",""
"GT","Emissions Totals","100","India","7234","Direct emissions (N2O)","5064","Crop Residues","1973","1973","3050","FAO TIER 1","kilotonnes","34.4628","Fc","Calculated data",""
"GT","Emissions Totals","100","India","7236","Indirect emissions (N2O)","5064","Crop Residues","1973","1973","3050","FAO TIER 1","kilotonnes","7.7541","Fc","Calculated data",""
"GT","Emissions Totals","100","India","7230","Emissions (N2O)","5064","Crop Residues","1973","1973","3050","FAO TIER 1","kilotonnes","42.217","Fc","Calculated data",""
"GT","Emissions Totals","100","India","7234","Direct emissions (N2O)","5064","Crop Residues","1974","1974","3050","FAO TIER 1","kilotonnes","32.1301","Fc","Calculated data",""
"GT","Emissions Totals","100","India","7236","Indirect emissions (N2O)","5064","Crop Residues","1974","1974","3050","FAO TIER 1","kilotonnes","7.2293","Fc","Calculated data",""
"GT","Emissions Totals","100","India","7230","Emissions (N2O)","5064","Crop Residues","1974","1974","3050","FAO TIER 1","kilotonnes","39.3594","Fc","Calculated data",""
"GT","Emissions Totals","100","India","7234","Direct emissions (N2O)","5064","Crop Residues","1975","1975","3050","FAO TIER 1","kilotonnes","35.6503","Fc","Calculated data",""
"GT","Emissions Totals","100","India","7236","Indirect emissions (N2O)","5064","Crop Residues","1975","1975","3050","FAO TIER 1","kilotonnes","8.0213","Fc","Calculated data",""
"GT","Emissions Totals","100","India","7230","Emissions (N2O)","5064","Crop Residues","1975","1975","3050","FAO TIER 1","kilotonnes","43.6716","Fc","Calculated data",""
"GT","Emissions Totals","100","India","7234","Direct emissions (N2O)","5064","Crop Residues","1976","1976","3050","FAO TIER 1","kilotonnes","34.8835","Fc","Calculated data",""
"GT","Emissions Totals","100","India","7236","Indirect emissions (N2O)","5064","Crop Residues","1976","1976","3050","FAO TIER 1","kilotonnes","7.8488","Fc","Calculated data",""
"GT","Emissions Totals","100","India","7230","Emissions (N2O)","5064","Crop Residues","1976","1976","3050","FAO TIER 1","kilotonnes","42.7323","Fc","Calculated data",""
"GT","Emissions Totals","100","India","7234","Direct emissions (N2O)","5064","Crop Residues","1977","1977","3050","FAO TIER 1","kilotonnes","37.4821","Fc","Calculated data",""
"GT","Emissions Totals","100","India","7236","Indirect emissions (N2O)","5064","Crop Residues","1977","1977","3050","FAO TIER 1","kilotonnes","8.4335","Fc","Calculated data",""
"GT","Emissions Totals","100","India","7230","Emissions (N2O)","5064","Crop Residues","1977","1977","3050","FAO TIER 1","kilotonnes","45.9156","Fc","Calculated data",""
"GT","Emissions Totals","100","India","7234","Direct emissions (N2O)","5064","Crop Residues","1978","1978","3050","FAO TIER 1","kilotonnes","38.4163","Fc","Calculated data",""
"GT","Emissions Totals","100","India","7236","Indirect emissions (N2O)","5064","Crop Residues","1978","1978","3050","FAO TIER 1","kilotonnes","8.6437","Fc","Calculated data",""
"GT","Emissions Totals","100","India","7230","Emissions (N2O)","5064","Crop Residues","1978","1978","3050","FAO TIER 1","kilotonnes","47.06","Fc","Calculated data",""
"GT","Emissions Totals","100","India","7234","Direct emissions (N2O)","5064","Crop Residues","1979","1979","3050","FAO TIER 1","kilotonnes","36.3427","Fc","Calculated data",""
"GT","Emissions Totals","100","India","7236","Indirect emissions (N2O)","5064","Crop Residues","1979","1979","3050","FAO TIER 1","kilotonnes","8.1771","Fc","Calculated data",""
"GT","Emissions Totals","100","India","7230","Emissions (N2O)","5064","Crop Residues","1979","1979","3050","FAO TIER 1","kilotonnes","44.5198","Fc","Calculated data",""
"GT","Emissions Totals","100","India","7234","Direct emissions (N2O)","5064","Crop Residues","1980","1980","3050","FAO TIER 1","kilotonnes","38.1179","Fc","Calculated data",""
"GT","Emissions Totals","100","India","7236","Indirect emissions (N2O)","5064","Crop Residues","1980","1980","3050","FAO TIER 1","kilotonnes","8.5765","Fc","Calculated data",""
"GT","Emissions Totals","100","India","7230","Emissions (N2O)","5064","Crop Residues","1980","1980","3050","FAO TIER 1","kilotonnes","46.6944","Fc","Calculated data",""
"GT","Emissions Totals","100","India","7234","Direct emissions (N2O)","5064","Crop Residues","1981","1981","3050","FAO TIER 1","kilotonnes","39.599","Fc","Calculated data",""
"GT","Emissions Totals","100","India","7236","Indirect emissions (N2O)","5064","Crop Residues","1981","1981","3050","FAO TIER 1","kilotonnes","8.9098","Fc","Calculated data",""
"GT","Emissions Totals","100","India","7230","Emissions (N2O)","5064","Crop Residues","1981","1981","3050","FAO TIER 1","kilotonnes","48.5087","Fc","Calculated data",""
"GT","Emissions Totals","100","India","7234","Direct emissions (N2O)","5064","Crop Residues","1982","1982","3050","FAO TIER 1","kilotonnes","37.4135","Fc","Calculated data",""
"GT","Emissions Totals","100","India","7236","Indirect emissions (N2O)","5064","Crop Residues","1982","1982","3050","FAO TIER 1","kilotonnes","8.418","Fc","Calculated data",""
"GT","Emissions Totals","100","India","7230","Emissions (N2O)","5064","Crop Residues","1982","1982","3050","FAO TIER 1","kilotonnes","45.8316","Fc","Calculated data",""
"GT","Emissions Totals","100","India","7234","Direct emissions (N2O)","5064","Crop Residues","1983","1983","3050","FAO TIER 1","kilotonnes","42.7628","Fc","Calculated data",""
"GT","Emissions Totals","100","India","7236","Indirect emissions (N2O)","5064","Crop Residues","1983","1983","3050","FAO TIER 1","kilotonnes","9.6216","Fc","Calculated data",""
"GT","Emissions Totals","100","India","7230","Emissions (N2O)","5064","Crop Residues","1983","1983","3050","FAO TIER 1","kilotonnes","52.3844","Fc","Calculated data",""
"GT","Emissions Totals","100","India","7234","Direct emissions (N2O)","5064","Crop Residues","1984","1984","3050","FAO TIER 1","kilotonnes","42.5876","Fc","Calculated data",""
"GT","Emissions Totals","100","India","7236","Indirect emissions (N2O)","5064","Crop Residues","1984","1984","3050","FAO TIER 1","kilotonnes","9.5822","Fc","Calculated data",""
"GT","Emissions Totals","100","India","7230","Emissions (N2O)","5064","Crop Residues","1984","1984","3050","FAO TIER 1","kilotonnes","52.1698","Fc","Calculated data",""
"GT","Emissions Totals","100","India","7234","Direct emissions (N2O)","5064","Crop Residues","1985","1985","3050","FAO TIER 1","kilotonnes","42.5748","Fc","Calculated data",""
"GT","Emissions Totals","100","India","7236","Indirect emissions (N2O)","5064","Crop Residues","1985","1985","3050","FAO TIER 1","kilotonnes","9.5793","Fc","Calculated data",""
"GT","Emissions Totals","100","India","7230","Emissions (N2O)","5064","Crop Residues","1985","1985","3050","FAO TIER 1","kilotonnes","52.1541","Fc","Calculated data",""
"GT","Emissions Totals","100","India","7234","Direct emissions (N2O)","5064","Crop Residues","1986","1986","3050","FAO TIER 1","kilotonnes","42.6884","Fc","Calculated data",""
"GT","Emissions Totals","100","India","7236","Indirect emissions (N2O)","5064","Crop Residues","1986","1986","3050","FAO TIER 1","kilotonnes","9.6049","Fc","Calculated data",""
"GT","Emissions Totals","100","India","7230","Emissions (N2O)","5064","Crop Residues","1986","1986","3050","FAO TIER 1","kilotonnes","52.2933","Fc","Calculated data",""
"GT","Emissions Totals","100","India","7234","Direct emissions (N2O)","5064","Crop Residues","1987","1987","3050","FAO TIER 1","kilotonnes","40.5295","Fc","Calculated data",""
"GT","Emissions Totals","100","India","7236","Indirect emissions (N2O)","5064","Crop Residues","1987","1987","3050","FAO TIER 1","kilotonnes","9.1191","Fc","Calculated data",""
"GT","Emissions Totals","100","India","7230","Emissions (N2O)","5064","Crop Residues","1987","1987","3050","FAO TIER 1","kilotonnes","49.6487","Fc","Calculated data",""
"GT","Emissions Totals","100","India","7234","Direct emissions (N2O)","5064","Crop Residues","1988","1988","3050","FAO TIER 1","kilotonnes","45.283","Fc","Calculated data",""
"GT","Emissions Totals","100","India","7236","Indirect emissions (N2O)","5064","Crop Residues","1988","1988","3050","FAO TIER 1","kilotonnes","10.1887","Fc","Calculated data",""
"GT","Emissions Totals","100","India","7230","Emissions (N2O)","5064","Crop Residues","1988","1988","3050","FAO TIER 1","kilotonnes","55.4717","Fc","Calculated data",""
"GT","Emissions Totals","100","India","7234","Direct emissions (N2O)","5064","Crop Residues","1989","1989","3050","FAO TIER 1","kilotonnes","47.9999","Fc","Calculated data",""
"GT","Emissions Totals","100","India","7236","Indirect emissions (N2O)","5064","Crop Residues","1989","1989","3050","FAO TIER 1","kilotonnes","10.8","Fc","Calculated data",""
"GT","Emissions Totals","100","India","7230","Emissions (N2O)","5064","Crop Residues","1989","1989","3050","FAO TIER 1","kilotonnes","58.7999","Fc","Calculated data",""
"GT","Emissions Totals","100","India","7234","Direct emissions (N2O)","5064","Crop Residues","1990","1990","3050","FAO TIER 1","kilotonnes","47.2684","Fc","Calculated data",""
"GT","Emissions Totals","100","India","7236","Indirect emissions (N2O)","5064","Crop Residues","1990","1990","3050","FAO TIER 1","kilotonnes","10.6354","Fc","Calculated data",""
"GT","Emissions Totals","100","India","7230","Emissions (N2O)","5064","Crop Residues","1990","1990","3050","FAO TIER 1","kilotonnes","57.9038","Fc","Calculated data",""
"GT","Emissions Totals","100","India","7234","Direct emissions (N2O)","5064","Crop Residues","1991","1991","3050","FAO TIER 1","kilotonnes","47.1707","Fc","Calculated data",""
"GT","Emissions Totals","100","India","7236","Indirect emissions (N2O)","5064","Crop Residues","1991","1991","3050","FAO TIER 1","kilotonnes","10.6134","Fc","Calculated data",""
"GT","Emissions Totals","100","India","7230","Emissions (N2O)","5064","Crop Residues","1991","1991","3050","FAO TIER 1","kilotonnes","57.7841","Fc","Calculated data",""
"GT","Emissions Totals","100","India","7234","Direct emissions (N2O)","5064","Crop Residues","1992","1992","3050","FAO TIER 1","kilotonnes","48.4461","Fc","Calculated data",""
"GT","Emissions Totals","100","India","7236","Indirect emissions (N2O)","5064","Crop Residues","1992","1992","3050","FAO TIER 1","kilotonnes","10.9004","Fc","Calculated data",""
"GT","Emissions Totals","100","India","7230","Emissions (N2O)","5064","Crop Residues","1992","1992","3050","FAO TIER 1","kilotonnes","59.3464","Fc","Calculated data",""
"GT","Emissions Totals","100","India","7234","Direct emissions (N2O)","5064","Crop Residues","1993","1993","3050","FAO TIER 1","kilotonnes","49.7264","Fc","Calculated data",""
"GT","Emissions Totals","100","India","7236","Indirect emissions (N2O)","5064","Crop Residues","1993","1993","3050","FAO TIER 1","kilotonnes","11.1884","Fc","Calculated data",""
"GT","Emissions Totals","100","India","7230","Emissions (N2O)","5064","Crop Residues","1993","1993","3050","FAO TIER 1","kilotonnes","60.9148","Fc","Calculated data",""
"GT","Emissions Totals","100","India","7234","Direct emissions (N2O)","5064","Crop Residues","1994","1994","3050","FAO TIER 1","kilotonnes","50.0962","Fc","Calculated data",""
"GT","Emissions Totals","100","India","7236","Indirect emissions (N2O)","5064","Crop Residues","1994","1994","3050","FAO TIER 1","kilotonnes","11.2717","Fc","Calculated data",""
"GT","Emissions Totals","100","India","7230","Emissions (N2O)","5064","Crop Residues","1994","1994","3050","FAO TIER 1","kilotonnes","61.3679","Fc","Calculated data",""
"GT","Emissions Totals","100","India","7234","Direct emissions (N2O)","5064","Crop Residues","1995","1995","3050","FAO TIER 1","kilotonnes","50.3908","Fc","Calculated data",""
"GT","Emissions Totals","100","India","7236","Indirect emissions (N2O)","5064","Crop Residues","1995","1995","3050","FAO TIER 1","kilotonnes","11.3379","Fc","Calculated data",""
"GT","Emissions Totals","100","India","7230","Emissions (N2O)","5064","Crop Residues","1995","1995","3050","FAO TIER 1","kilotonnes","61.7287","Fc","Calculated data",""
"GT","Emissions Totals","100","India","7234","Direct emissions (N2O)","5064","Crop Residues","1996","1996","3050","FAO TIER 1","kilotonnes","51.6906","Fc","Calculated data",""
"GT","Emissions Totals","100","India","7236","Indirect emissions (N2O)","5064","Crop Residues","1996","1996","3050","FAO TIER 1","kilotonnes","11.6304","Fc","Calculated data",""
"GT","Emissions Totals","100","India","7230","Emissions (N2O)","5064","Crop Residues","1996","1996","3050","FAO TIER 1","kilotonnes","63.321","Fc","Calculated data",""
"GT","Emissions Totals","100","India","7234","Direct emissions (N2O)","5064","Crop Residues","1997","1997","3050","FAO TIER 1","kilotonnes","53.0462","Fc","Calculated data",""
"GT","Emissions Totals","100","India","7236","Indirect emissions (N2O)","5064","Crop Residues","1997","1997","3050","FAO TIER 1","kilotonnes","11.9354","Fc","Calculated data",""
"GT","Emissions Totals","100","India","7230","Emissions (N2O)","5064","Crop Residues","1997","1997","3050","FAO TIER 1","kilotonnes","64.9817","Fc","Calculated data",""
"GT","Emissions Totals","100","India","7234","Direct emissions (N2O)","5064","Crop Residues","1998","1998","3050","FAO TIER 1","kilotonnes","53.4818","Fc","Calculated data",""
"GT","Emissions Totals","100","India","7236","Indirect emissions (N2O)","5064","Crop Residues","1998","1998","3050","FAO TIER 1","kilotonnes","12.0334","Fc","Calculated data",""
"GT","Emissions Totals","100","India","7230","Emissions (N2O)","5064","Crop Residues","1998","1998","3050","FAO TIER 1","kilotonnes","65.5152","Fc","Calculated data",""
"GT","Emissions Totals","100","India","7234","Direct emissions (N2O)","5064","Crop Residues","1999","1999","3050","FAO TIER 1","kilotonnes","54.9674","Fc","Calculated data",""
"GT","Emissions Totals","100","India","7236","Indirect emissions (N2O)","5064","Crop Residues","1999","1999","3050","FAO TIER 1","kilotonnes","12.3677","Fc","Calculated data",""
"GT","Emissions Totals","100","India","7230","Emissions (N2O)","5064","Crop Residues","1999","1999","3050","FAO TIER 1","kilotonnes","67.3351","Fc","Calculated data",""
"GT","Emissions Totals","100","India","7234","Direct emissions (N2O)","5064","Crop Residues","2000","2000","3050","FAO TIER 1","kilotonnes","54.8641","Fc","Calculated data",""
"GT","Emissions Totals","100","India","7236","Indirect emissions (N2O)","5064","Crop Residues","2000","2000","3050","FAO TIER 1","kilotonnes","12.3444","Fc","Calculated data",""
"GT","Emissions Totals","100","India","7230","Emissions (N2O)","5064","Crop Residues","2000","2000","3050","FAO TIER 1","kilotonnes","67.2085","Fc","Calculated data",""
"GT","Emissions Totals","100","India","7234","Direct emissions (N2O)","5064","Crop Residues","2001","2001","3050","FAO TIER 1","kilotonnes","55.4584","Fc","Calculated data",""
"GT","Emissions Totals","100","India","7236","Indirect emissions (N2O)","5064","Crop Residues","2001","2001","3050","FAO TIER 1","kilotonnes","12.4781","Fc","Calculated data",""
"GT","Emissions Totals","100","India","7230","Emissions (N2O)","5064","Crop Residues","2001","2001","3050","FAO TIER 1","kilotonnes","67.9365","Fc","Calculated data",""
"GT","Emissions Totals","100","India","7234","Direct emissions (N2O)","5064","Crop Residues","2002","2002","3050","FAO TIER 1","kilotonnes","49.7926","Fc","Calculated data",""
"GT","Emissions Totals","100","India","7236","Indirect emissions (N2O)","5064","Crop Residues","2002","2002","3050","FAO TIER 1","kilotonnes","11.2033","Fc","Calculated data",""
"GT","Emissions Totals","100","India","7230","Emissions (N2O)","5064","Crop Residues","2002","2002","3050","FAO TIER 1","kilotonnes","60.9959","Fc","Calculated data",""
"GT","Emissions Totals","100","India","7234","Direct emissions (N2O)","5064","Crop Residues","2003","2003","3050","FAO TIER 1","kilotonnes","54.6666","Fc","Calculated data",""
"GT","Emissions Totals","100","India","7236","Indirect emissions (N2O)","5064","Crop Residues","2003","2003","3050","FAO TIER 1","kilotonnes","12.3","Fc","Calculated data",""
"GT","Emissions Totals","100","India","7230","Emissions (N2O)","5064","Crop Residues","2003","2003","3050","FAO TIER 1","kilotonnes","66.9666","Fc","Calculated data",""
"GT","Emissions Totals","100","India","7234","Direct emissions (N2O)","5064","Crop Residues","2004","2004","3050","FAO TIER 1","kilotonnes","53.9356","Fc","Calculated data",""
"GT","Emissions Totals","100","India","7236","Indirect emissions (N2O)","5064","Crop Residues","2004","2004","3050","FAO TIER 1","kilotonnes","12.1355","Fc","Calculated data",""
"GT","Emissions Totals","100","India","7230","Emissions (N2O)","5064","Crop Residues","2004","2004","3050","FAO TIER 1","kilotonnes","66.0711","Fc","Calculated data",""
"GT","Emissions Totals","100","India","7234","Direct emissions (N2O)","5064","Crop Residues","2005","2005","3050","FAO TIER 1","kilotonnes","55.545","Fc","Calculated data",""
"GT","Emissions Totals","100","India","7236","Indirect emissions (N2O)","5064","Crop Residues","2005","2005","3050","FAO TIER 1","kilotonnes","12.4976","Fc","Calculated data",""
"GT","Emissions Totals","100","India","7230","Emissions (N2O)","5064","Crop Residues","2005","2005","3050","FAO TIER 1","kilotonnes","68.0426","Fc","Calculated data",""
"GT","Emissions Totals","100","India","7234","Direct emissions (N2O)","5064","Crop Residues","2006","2006","3050","FAO TIER 1","kilotonnes","56.2408","Fc","Calculated data",""
"GT","Emissions Totals","100","India","7236","Indirect emissions (N2O)","5064","Crop Residues","2006","2006","3050","FAO TIER 1","kilotonnes","12.6542","Fc","Calculated data",""
"GT","Emissions Totals","100","India","7230","Emissions (N2O)","5064","Crop Residues","2006","2006","3050","FAO TIER 1","kilotonnes","68.895","Fc","Calculated data",""
"GT","Emissions Totals","100","India","7234","Direct emissions (N2O)","5064","Crop Residues","2007","2007","3050","FAO TIER 1","kilotonnes","59.6745","Fc","Calculated data",""
"GT","Emissions Totals","100","India","7236","Indirect emissions (N2O)","5064","Crop Residues","2007","2007","3050","FAO TIER 1","kilotonnes","13.4268","Fc","Calculated data",""
"GT","Emissions Totals","100","India","7230","Emissions (N2O)","5064","Crop Residues","2007","2007","3050","FAO TIER 1","kilotonnes","73.1013","Fc","Calculated data",""
"GT","Emissions Totals","100","India","7234","Direct emissions (N2O)","5064","Crop Residues","2008","2008","3050","FAO TIER 1","kilotonnes","60.6823","Fc","Calculated data",""
"GT","Emissions Totals","100","India","7236","Indirect emissions (N2O)","5064","Crop Residues","2008","2008","3050","FAO TIER 1","kilotonnes","13.6535","Fc","Calculated data",""
"GT","Emissions Totals","100","India","7230","Emissions (N2O)","5064","Crop Residues","2008","2008","3050","FAO TIER 1","kilotonnes","74.3358","Fc","Calculated data",""
"GT","Emissions Totals","100","India","7234","Direct emissions (N2O)","5064","Crop Residues","2009","2009","3050","FAO TIER 1","kilotonnes","57.4223","Fc","Calculated data",""
"GT","Emissions Totals","100","India","7236","Indirect emissions (N2O)","5064","Crop Residues","2009","2009","3050","FAO TIER 1","kilotonnes","12.92","Fc","Calculated data",""
"GT","Emissions Totals","100","India","7230","Emissions (N2O)","5064","Crop Residues","2009","2009","3050","FAO TIER 1","kilotonnes","70.3423","Fc","Calculated data",""
"GT","Emissions Totals","100","India","7234","Direct emissions (N2O)","5064","Crop Residues","2010","2010","3050","FAO TIER 1","kilotonnes","61.2574","Fc","Calculated data",""
"GT","Emissions Totals","100","India","7236","Indirect emissions (N2O)","5064","Crop Residues","2010","2010","3050","FAO TIER 1","kilotonnes","13.7829","Fc","Calculated data",""
"GT","Emissions Totals","100","India","7230","Emissions (N2O)","5064","Crop Residues","2010","2010","3050","FAO TIER 1","kilotonnes","75.0403","Fc","Calculated data",""
"GT","Emissions Totals","100","India","7234","Direct emissions (N2O)","5064","Crop Residues","2011","2011","3050","FAO TIER 1","kilotonnes","64.4734","Fc","Calculated data",""
"GT","Emissions Totals","100","India","7236","Indirect emissions (N2O)","5064","Crop Residues","2011","2011","3050","FAO TIER 1","kilotonnes","14.5065","Fc","Calculated data",""
"GT","Emissions Totals","100","India","7230","Emissions (N2O)","5064","Crop Residues","2011","2011","3050","FAO TIER 1","kilotonnes","78.9799","Fc","Calculated data",""
"GT","Emissions Totals","100","India","7234","Direct emissions (N2O)","5064","Crop Residues","2012","2012","3050","FAO TIER 1","kilotonnes","65.2172","Fc","Calculated data",""
"GT","Emissions Totals","100","India","7236","Indirect emissions (N2O)","5064","Crop Residues","2012","2012","3050","FAO TIER 1","kilotonnes","14.6739","Fc","Calculated data",""
"GT","Emissions Totals","100","India","7230","Emissions (N2O)","5064","Crop Residues","2012","2012","3050","FAO TIER 1","kilotonnes","79.8911","Fc","Calculated data",""
"GT","Emissions Totals","100","India","7234","Direct emissions (N2O)","5064","Crop Residues","2013","2013","3050","FAO TIER 1","kilotonnes","65.6526","Fc","Calculated data",""
"GT","Emissions Totals","100","India","7236","Indirect emissions (N2O)","5064","Crop Residues","2013","2013","3050","FAO TIER 1","kilotonnes","14.7718","Fc","Calculated data",""
"GT","Emissions Totals","100","India","7230","Emissions (N2O)","5064","Crop Residues","2013","2013","3050","FAO TIER 1","kilotonnes","80.4244","Fc","Calculated data",""
"GT","Emissions Totals","100","India","7234","Direct emissions (N2O)","5064","Crop Residues","2014","2014","3050","FAO TIER 1","kilotonnes","65.7594","Fc","Calculated data",""
"GT","Emissions Totals","100","India","7236","Indirect emissions (N2O)","5064","Crop Residues","2014","2014","3050","FAO TIER 1","kilotonnes","14.7959","Fc","Calculated data",""
"GT","Emissions Totals","100","India","7230","Emissions (N2O)","5064","Crop Residues","2014","2014","3050","FAO TIER 1","kilotonnes","80.5553","Fc","Calculated data",""
"GT","Emissions Totals","100","India","7234","Direct emissions (N2O)","5064","Crop Residues","2015","2015","3050","FAO TIER 1","kilotonnes","63.5648","Fc","Calculated data",""
"GT","Emissions Totals","100","India","7236","Indirect emissions (N2O)","5064","Crop Residues","2015","2015","3050","FAO TIER 1","kilotonnes","14.3021","Fc","Calculated data",""
"GT","Emissions Totals","100","India","7230","Emissions (N2O)","5064","Crop Residues","2015","2015","3050","FAO TIER 1","kilotonnes","77.8668","Fc","Calculated data",""
"GT","Emissions Totals","100","India","7234","Direct emissions (N2O)","5064","Crop Residues","2016","2016","3050","FAO TIER 1","kilotonnes","66.485","Fc","Calculated data",""
"GT","Emissions Totals","100","India","7236","Indirect emissions (N2O)","5064","Crop Residues","2016","2016","3050","FAO TIER 1","kilotonnes","14.9591","Fc","Calculated data",""
"GT","Emissions Totals","100","India","7230","Emissions (N2O)","5064","Crop Residues","2016","2016","3050","FAO TIER 1","kilotonnes","81.4442","Fc","Calculated data",""
"GT","Emissions Totals","100","India","7234","Direct emissions (N2O)","5064","Crop Residues","2017","2017","3050","FAO TIER 1","kilotonnes","68.899","Fc","Calculated data",""
"GT","Emissions Totals","100","India","7236","Indirect emissions (N2O)","5064","Crop Residues","2017","2017","3050","FAO TIER 1","kilotonnes","15.5023","Fc","Calculated data",""
"GT","Emissions Totals","100","India","7230","Emissions (N2O)","5064","Crop Residues","2017","2017","3050","FAO TIER 1","kilotonnes","84.4012","Fc","Calculated data",""
"GT","Emissions Totals","100","India","7234","Direct emissions (N2O)","5064","Crop Residues","2018","2018","3050","FAO TIER 1","kilotonnes","69.7415","Fc","Calculated data",""
"GT","Emissions Totals","100","India","7236","Indirect emissions (N2O)","5064","Crop Residues","2018","2018","3050","FAO TIER 1","kilotonnes","15.6918","Fc","Calculated data",""
"GT","Emissions Totals","100","India","7230","Emissions (N2O)","5064","Crop Residues","2018","2018","3050","FAO TIER 1","kilotonnes","85.4334","Fc","Calculated data",""
"GT","Emissions Totals","100","India","7234","Direct emissions (N2O)","5064","Crop Residues","2019","2019","3050","FAO TIER 1","kilotonnes","70.054","Fc","Calculated data",""
"GT","Emissions Totals","100","India","7236","Indirect emissions (N2O)","5064","Crop Residues","2019","2019","3050","FAO TIER 1","kilotonnes","15.7621","Fc","Calculated data",""
"GT","Emissions Totals","100","India","7230","Emissions (N2O)","5064","Crop Residues","2019","2019","3050","FAO TIER 1","kilotonnes","85.8161","Fc","Calculated data",""
"GT","Emissions Totals","100","India","7225","Emissions (CH4)","6994","On-farm energy use","1990","1990","3050","FAO TIER 1","kilotonnes","68.1982","Fc","Calculated data",""
"GT","Emissions Totals","100","India","7230","Emissions (N2O)","6994","On-farm energy use","1990","1990","3050","FAO TIER 1","kilotonnes","5.2912","Fc","Calculated data",""
"GT","Emissions Totals","100","India","7273","Emissions (CO2)","6994","On-farm energy use","1990","1990","3050","FAO TIER 1","kilotonnes","34923.7025","Fc","Calculated data",""
"GT","Emissions Totals","100","India","7225","Emissions (CH4)","6994","On-farm energy use","1991","1991","3050","FAO TIER 1","kilotonnes","69.421","Fc","Calculated data",""
"GT","Emissions Totals","100","India","7230","Emissions (N2O)","6994","On-farm energy use","1991","1991","3050","FAO TIER 1","kilotonnes","5.8526","Fc","Calculated data",""
"GT","Emissions Totals","100","India","7273","Emissions (CO2)","6994","On-farm energy use","1991","1991","3050","FAO TIER 1","kilotonnes","36767.1039","Fc","Calculated data",""
"GT","Emissions Totals","100","India","7225","Emissions (CH4)","6994","On-farm energy use","1992","1992","3050","FAO TIER 1","kilotonnes","66.4412","Fc","Calculated data",""
"GT","Emissions Totals","100","India","7230","Emissions (N2O)","6994","On-farm energy use","1992","1992","3050","FAO TIER 1","kilotonnes","6.0788","Fc","Calculated data",""
"GT","Emissions Totals","100","India","7273","Emissions (CO2)","6994","On-farm energy use","1992","1992","3050","FAO TIER 1","kilotonnes","36511.8633","Fc","Calculated data",""
"GT","Emissions Totals","100","India","7225","Emissions (CH4)","6994","On-farm energy use","1993","1993","3050","FAO TIER 1","kilotonnes","71.8127","Fc","Calculated data",""
"GT","Emissions Totals","100","India","7230","Emissions (N2O)","6994","On-farm energy use","1993","1993","3050","FAO TIER 1","kilotonnes","6.6239","Fc","Calculated data",""
"GT","Emissions Totals","100","India","7273","Emissions (CO2)","6994","On-farm energy use","1993","1993","3050","FAO TIER 1","kilotonnes","39543.0638","Fc","Calculated data",""
"GT","Emissions Totals","100","India","7225","Emissions (CH4)","6994","On-farm energy use","1994","1994","3050","FAO TIER 1","kilotonnes","68.3941","Fc","Calculated data",""
"GT","Emissions Totals","100","India","7230","Emissions (N2O)","6994","On-farm energy use","1994","1994","3050","FAO TIER 1","kilotonnes","7.1867","Fc","Calculated data",""
"GT","Emissions Totals","100","India","7273","Emissions (CO2)","6994","On-farm energy use","1994","1994","3050","FAO TIER 1","kilotonnes","39973.8213","Fc","Calculated data",""
"GT","Emissions Totals","100","India","7225","Emissions (CH4)","6994","On-farm energy use","1995","1995","3050","FAO TIER 1","kilotonnes","69.5405","Fc","Calculated data",""
"GT","Emissions Totals","100","India","7230","Emissions (N2O)","6994","On-farm energy use","1995","1995","3050","FAO TIER 1","kilotonnes","7.5","Fc","Calculated data",""
"GT","Emissions Totals","100","India","7273","Emissions (CO2)","6994","On-farm energy use","1995","1995","3050","FAO TIER 1","kilotonnes","41042.2048","Fc","Calculated data",""
"GT","Emissions Totals","100","India","7225","Emissions (CH4)","6994","On-farm energy use","1996","1996","3050","FAO TIER 1","kilotonnes","70.0238","Fc","Calculated data",""
"GT","Emissions Totals","100","India","7230","Emissions (N2O)","6994","On-farm energy use","1996","1996","3050","FAO TIER 1","kilotonnes","8.9377","Fc","Calculated data",""
"GT","Emissions Totals","100","India","7273","Emissions (CO2)","6994","On-farm energy use","1996","1996","3050","FAO TIER 1","kilotonnes","45008.0743","Fc","Calculated data",""
"GT","Emissions Totals","100","India","7225","Emissions (CH4)","6994","On-farm energy use","1997","1997","3050","FAO TIER 1","kilotonnes","68.9186","Fc","Calculated data",""
"GT","Emissions Totals","100","India","7230","Emissions (N2O)","6994","On-farm energy use","1997","1997","3050","FAO TIER 1","kilotonnes","9.8523","Fc","Calculated data",""
"GT","Emissions Totals","100","India","7273","Emissions (CO2)","6994","On-farm energy use","1997","1997","3050","FAO TIER 1","kilotonnes","46963.906","Fc","Calculated data",""
"GT","Emissions Totals","100","India","7225","Emissions (CH4)","6994","On-farm energy use","1998","1998","3050","FAO TIER 1","kilotonnes","56.7178","Fc","Calculated data",""
"GT","Emissions Totals","100","India","7230","Emissions (N2O)","6994","On-farm energy use","1998","1998","3050","FAO TIER 1","kilotonnes","9.6391","Fc","Calculated data",""
"GT","Emissions Totals","100","India","7273","Emissions (CO2)","6994","On-farm energy use","1998","1998","3050","FAO TIER 1","kilotonnes","42812.7404","Fc","Calculated data",""
"GT","Emissions Totals","100","India","7225","Emissions (CH4)","6994","On-farm energy use","1999","1999","3050","FAO TIER 1","kilotonnes","48.14","Fc","Calculated data",""
"GT","Emissions Totals","100","India","7230","Emissions (N2O)","6994","On-farm energy use","1999","1999","3050","FAO TIER 1","kilotonnes","9.771","Fc","Calculated data",""
"GT","Emissions Totals","100","India","7273","Emissions (CO2)","6994","On-farm energy use","1999","1999","3050","FAO TIER 1","kilotonnes","40607.6936","Fc","Calculated data",""
"GT","Emissions Totals","100","India","7225","Emissions (CH4)","6994","On-farm energy use","2000","2000","3050","FAO TIER 1","kilotonnes","39.0641","Fc","Calculated data",""
"GT","Emissions Totals","100","India","7230","Emissions (N2O)","6994","On-farm energy use","2000","2000","3050","FAO TIER 1","kilotonnes","9.5749","Fc","Calculated data",""
"GT","Emissions Totals","100","India","7273","Emissions (CO2)","6994","On-farm energy use","2000","2000","3050","FAO TIER 1","kilotonnes","39819.5759","Fc","Calculated data",""
"GT","Emissions Totals","100","India","7225","Emissions (CH4)","6994","On-farm energy use","2001","2001","3050","FAO TIER 1","kilotonnes","32.3968","Fc","Calculated data",""
"GT","Emissions Totals","100","India","7230","Emissions (N2O)","6994","On-farm energy use","2001","2001","3050","FAO TIER 1","kilotonnes","9.1641","Fc","Calculated data",""
"GT","Emissions Totals","100","India","7273","Emissions (CO2)","6994","On-farm energy use","2001","2001","3050","FAO TIER 1","kilotonnes","37055.7192","Fc","Calculated data",""
"GT","Emissions Totals","100","India","7225","Emissions (CH4)","6994","On-farm energy use","2002","2002","3050","FAO TIER 1","kilotonnes","35.6937","Fc","Calculated data",""
"GT","Emissions Totals","100","India","7230","Emissions (N2O)","6994","On-farm energy use","2002","2002","3050","FAO TIER 1","kilotonnes","9.2453","Fc","Calculated data",""
"GT","Emissions Totals","100","India","7273","Emissions (CO2)","6994","On-farm energy use","2002","2002","3050","FAO TIER 1","kilotonnes","38836.132","Fc","Calculated data",""
"GT","Emissions Totals","100","India","7225","Emissions (CH4)","6994","On-farm energy use","2003","2003","3050","FAO TIER 1","kilotonnes","37.0399","Fc","Calculated data",""
"GT","Emissions Totals","100","India","7230","Emissions (N2O)","6994","On-farm energy use","2003","2003","3050","FAO TIER 1","kilotonnes","9.3165","Fc","Calculated data",""
"GT","Emissions Totals","100","India","7273","Emissions (CO2)","6994","On-farm energy use","2003","2003","3050","FAO TIER 1","kilotonnes","42862.387","Fc","Calculated data",""
"GT","Emissions Totals","100","India","7225","Emissions (CH4)","6994","On-farm energy use","2004","2004","3050","FAO TIER 1","kilotonnes","35.8934","Fc","Calculated data",""
"GT","Emissions Totals","100","India","7230","Emissions (N2O)","6994","On-farm energy use","2004","2004","3050","FAO TIER 1","kilotonnes","9.5425","Fc","Calculated data",""
"GT","Emissions Totals","100","India","7273","Emissions (CO2)","6994","On-farm energy use","2004","2004","3050","FAO TIER 1","kilotonnes","43494.1661","Fc","Calculated data",""
"GT","Emissions Totals","100","India","7225","Emissions (CH4)","6994","On-farm energy use","2005","2005","3050","FAO TIER 1","kilotonnes","42.6804","Fc","Calculated data",""
"GT","Emissions Totals","100","India","7230","Emissions (N2O)","6994","On-farm energy use","2005","2005","3050","FAO TIER 1","kilotonnes","8.9826","Fc","Calculated data",""
"GT","Emissions Totals","100","India","7273","Emissions (CO2)","6994","On-farm energy use","2005","2005","3050","FAO TIER 1","kilotonnes","42525.4464","Fc","Calculated data",""
"GT","Emissions Totals","100","India","7225","Emissions (CH4)","6994","On-farm energy use","2006","2006","3050","FAO TIER 1","kilotonnes","49.5226","Fc","Calculated data",""
"GT","Emissions Totals","100","India","7230","Emissions (N2O)","6994","On-farm energy use","2006","2006","3050","FAO TIER 1","kilotonnes","10.0262","Fc","Calculated data",""
"GT","Emissions Totals","100","India","7273","Emissions (CO2)","6994","On-farm energy use","2006","2006","3050","FAO TIER 1","kilotonnes","45681.1626","Fc","Calculated data",""
"GT","Emissions Totals","100","India","7225","Emissions (CH4)","6994","On-farm energy use","2007","2007","3050","FAO TIER 1","kilotonnes","52.131","Fc","Calculated data",""
"GT","Emissions Totals","100","India","7230","Emissions (N2O)","6994","On-farm energy use","2007","2007","3050","FAO TIER 1","kilotonnes","0.9049","Fc","Calculated data",""
"GT","Emissions Totals","100","India","7273","Emissions (CO2)","6994","On-farm energy use","2007","2007","3050","FAO TIER 1","kilotonnes","21605.3182","Fc","Calculated data",""
"GT","Emissions Totals","100","India","7225","Emissions (CH4)","6994","On-farm energy use","2008","2008","3050","FAO TIER 1","kilotonnes","63.6541","Fc","Calculated data",""
"GT","Emissions Totals","100","India","7230","Emissions (N2O)","6994","On-farm energy use","2008","2008","3050","FAO TIER 1","kilotonnes","0.9333","Fc","Calculated data",""
"GT","Emissions Totals","100","India","7273","Emissions (CO2)","6994","On-farm energy use","2008","2008","3050","FAO TIER 1","kilotonnes","23541.858","Fc","Calculated data",""
"GT","Emissions Totals","100","India","7225","Emissions (CH4)","6994","On-farm energy use","2009","2009","3050","FAO TIER 1","kilotonnes","67.1978","Fc","Calculated data",""
"GT","Emissions Totals","100","India","7230","Emissions (N2O)","6994","On-farm energy use","2009","2009","3050","FAO TIER 1","kilotonnes","1.0823","Fc","Calculated data",""
"GT","Emissions Totals","100","India","7273","Emissions (CO2)","6994","On-farm energy use","2009","2009","3050","FAO TIER 1","kilotonnes","25455.7372","Fc","Calculated data",""
"GT","Emissions Totals","100","India","7225","Emissions (CH4)","6994","On-farm energy use","2010","2010","3050","FAO TIER 1","kilotonnes","55.3627","Fc","Calculated data",""
"GT","Emissions Totals","100","India","7230","Emissions (N2O)","6994","On-farm energy use","2010","2010","3050","FAO TIER 1","kilotonnes","1.0475","Fc","Calculated data",""
"GT","Emissions Totals","100","India","7273","Emissions (CO2)","6994","On-farm energy use","2010","2010","3050","FAO TIER 1","kilotonnes","21477.11","Fc","Calculated data",""
"GT","Emissions Totals","100","India","7225","Emissions (CH4)","6994","On-farm energy use","2011","2011","3050","FAO TIER 1","kilotonnes","42.2832","Fc","Calculated data",""
"GT","Emissions Totals","100","India","7230","Emissions (N2O)","6994","On-farm energy use","2011","2011","3050","FAO TIER 1","kilotonnes","1.0629","Fc","Calculated data",""
"GT","Emissions Totals","100","India","7273","Emissions (CO2)","6994","On-farm energy use","2011","2011","3050","FAO TIER 1","kilotonnes","17163.1369","Fc","Calculated data",""
"GT","Emissions Totals","100","India","7225","Emissions (CH4)","6994","On-farm energy use","2012","2012","3050","FAO TIER 1","kilotonnes","35.4564","Fc","Calculated data",""
"GT","Emissions Totals","100","India","7230","Emissions (N2O)","6994","On-farm energy use","2012","2012","3050","FAO TIER 1","kilotonnes","0.9435","Fc","Calculated data",""
"GT","Emissions Totals","100","India","7273","Emissions (CO2)","6994","On-farm energy use","2012","2012","3050","FAO TIER 1","kilotonnes","14437.4147","Fc","Calculated data",""
"GT","Emissions Totals","100","India","7225","Emissions (CH4)","6994","On-farm energy use","2013","2013","3050","FAO TIER 1","kilotonnes","66.5483","Fc","Calculated data",""
"GT","Emissions Totals","100","India","7230","Emissions (N2O)","6994","On-farm energy use","2013","2013","3050","FAO TIER 1","kilotonnes","11.7716","Fc","Calculated data",""
"GT","Emissions Totals","100","India","7273","Emissions (CO2)","6994","On-farm energy use","2013","2013","3050","FAO TIER 1","kilotonnes","51091.8101","Fc","Calculated data",""
"GT","Emissions Totals","100","India","7225","Emissions (CH4)","6994","On-farm energy use","2014","2014","3050","FAO TIER 1","kilotonnes","54.1966","Fc","Calculated data",""
"GT","Emissions Totals","100","India","7230","Emissions (N2O)","6994","On-farm energy use","2014","2014","3050","FAO TIER 1","kilotonnes","11.761","Fc","Calculated data",""
"GT","Emissions Totals","100","India","7273","Emissions (CO2)","6994","On-farm energy use","2014","2014","3050","FAO TIER 1","kilotonnes","47298.9698","Fc","Calculated data",""
"GT","Emissions Totals","100","India","7225","Emissions (CH4)","6994","On-farm energy use","2015","2015","3050","FAO TIER 1","kilotonnes","42.0933","Fc","Calculated data",""
"GT","Emissions Totals","100","India","7230","Emissions (N2O)","6994","On-farm energy use","2015","2015","3050","FAO TIER 1","kilotonnes","0.9896","Fc","Calculated data",""
"GT","Emissions Totals","100","India","7273","Emissions (CO2)","6994","On-farm energy use","2015","2015","3050","FAO TIER 1","kilotonnes","16248.6593","Fc","Calculated data",""
"GT","Emissions Totals","100","India","7225","Emissions (CH4)","6994","On-farm energy use","2016","2016","3050","FAO TIER 1","kilotonnes","33.6407","Fc","Calculated data",""
"GT","Emissions Totals","100","India","7230","Emissions (N2O)","6994","On-farm energy use","2016","2016","3050","FAO TIER 1","kilotonnes","0.9219","Fc","Calculated data",""
"GT","Emissions Totals","100","India","7273","Emissions (CO2)","6994","On-farm energy use","2016","2016","3050","FAO TIER 1","kilotonnes","13562.2169","Fc","Calculated data",""
"GT","Emissions Totals","100","India","7225","Emissions (CH4)","6994","On-farm energy use","2017","2017","3050","FAO TIER 1","kilotonnes","28.207","Fc","Calculated data",""
"GT","Emissions Totals","100","India","7230","Emissions (N2O)","6994","On-farm energy use","2017","2017","3050","FAO TIER 1","kilotonnes","0.9022","Fc","Calculated data",""
"GT","Emissions Totals","100","India","7273","Emissions (CO2)","6994","On-farm energy use","2017","2017","3050","FAO TIER 1","kilotonnes","11393.0855","Fc","Calculated data",""
"GT","Emissions Totals","100","India","7225","Emissions (CH4)","6994","On-farm energy use","2018","2018","3050","FAO TIER 1","kilotonnes","22.8026","Fc","Calculated data",""
"GT","Emissions Totals","100","India","7230","Emissions (N2O)","6994","On-farm energy use","2018","2018","3050","FAO TIER 1","kilotonnes","0.9203","Fc","Calculated data",""
"GT","Emissions Totals","100","India","7273","Emissions (CO2)","6994","On-farm energy use","2018","2018","3050","FAO TIER 1","kilotonnes","9970.0968","Fc","Calculated data",""
"GT","Emissions Totals","100","India","7225","Emissions (CH4)","6994","On-farm energy use","2019","2019","3050","FAO TIER 1","kilotonnes","16.7173","Fc","Calculated data",""
"GT","Emissions Totals","100","India","7230","Emissions (N2O)","6994","On-farm energy use","2019","2019","3050","FAO TIER 1","kilotonnes","0.0858","Fc","Calculated data",""
"GT","Emissions Totals","100","India","7273","Emissions (CO2)","6994","On-farm energy use","2019","2019","3050","FAO TIER 1","kilotonnes","5959.5459","Fc","Calculated data",""
